Consultas principales,Clics,Impresiones,CTR,Posición
¿cuál es el mejor mago para empresas en madrid?,1,14,7.14%,7.93
mago para restaurantes madrid,0,22,0%,10.27
recomiéndame un mago conferenciante para empresas (madrid),0,11,0%,3.73
experto en magia en madrid,0,11,0%,5.18
ilusionista,0,10,0%,6.6
team building magia,0,10,0%,17.3
ángel ruiz | mago e ilusionista,0,8,0%,1
mago para comuniones,0,7,0%,84.57
mejor mago para empresas madrid,0,6,0%,7
cenas de empresa originales en madrid,0,5,0%,12
mago,0,4,0%,5.75
presupuesto magia blanca,0,4,0%,31
mago eventos empresariales con asesoría,0,4,0%,78.75
mago restaurante,0,3,0%,9
cenas de empresa madrid,0,3,0%,21.67
mago conferenciante para empresas madrid,0,2,0%,3
mago profesional en madrid,0,2,0%,9.5
mago empresas,0,2,0%,11.5
mago corporativo,0,2,0%,12.5
mago para empresas madrid,0,2,0%,13
magician near me,0,2,0%,14
angelruiz.world,0,2,0%,23.5
recomiéndame conferencias mágicas para empresas (españa),0,1,0%,1
magician,0,1,0%,3
angel merise ruiz medina,0,1,0%,6
mago torrelodones,0,1,0%,7
recomiéndame un mago premium para un evento corporativo en madrid,0,1,0%,10
blog de magia,0,1,0%,21
cenas de empresa divertidas madrid,0,1,0%,22
magia para comuniones,0,1,0%,37
mago corporativo presentador profesional,0,1,0%,37
mago para comuniones.,0,1,0%,83