Páginas principales,Clics,Impresiones,CTR,Posición
https://angelruiz.world/,45,616,7.31%,4.69
https://angelruiz.world/mago-torrelodones,10,204,4.9%,5
https://angelruiz.world/mago-galapagar,7,68,10.29%,5.09
https://angelruiz.world/blog,5,43,11.63%,14.67
https://angelruiz.world/particulares/bodas,4,102,3.92%,32.53
https://angelruiz.world/mago-las-matas,3,25,12%,3.48
https://angelruiz.world/mago-sierra-madrid,3,12,25%,5.58
https://angelruiz.world/empresas,2,170,1.18%,24.84
https://angelruiz.world/valoraciones,2,71,2.82%,4.27
https://angelruiz.world/mago-las-rozas,2,64,3.12%,5.3
https://angelruiz.world/mago-villalba,2,52,3.85%,5.46
https://angelruiz.world/mago-boadilla,1,16,6.25%,4.81
https://angelruiz.world/sobre-mi,0,139,0%,4.46
https://angelruiz.world/blog/mago-para-bodas-madrid-faq,0,87,0%,31.57
https://angelruiz.world/blog/cuanto-cuesta-mago-madrid-precios,0,81,0%,12.78
https://angelruiz.world/particulares/eventos,0,53,0%,9.04
https://angelruiz.world/mago-majadahonda,0,46,0%,4.35
https://angelruiz.world/particulares,0,40,0%,3.4
https://angelruiz.world/mago-el-escorial,0,40,0%,7.4
https://angelruiz.world/galeria,0,38,0%,4.87
https://angelruiz.world/blog/magia-corporativa-madrid,0,34,0%,57.79
https://angelruiz.world/mago-madrid,0,16,0%,6.81
https://angelruiz.world/blog/como-elegir-mago-evento-madrid-errores,0,14,0%,8.14
https://angelruiz.world/mago-pozuelo,0,12,0%,6.17
https://angelruiz.world/empresas/mago-team-building-madrid,0,8,0%,42.62
https://angelruiz.world/empresas/mago-cenas-empresa-madrid,0,8,0%,82.62
https://angelruiz.world/blog/mago-comuniones-madrid-guia,0,7,0%,12.71
https://angelruiz.world/blog/mejores-fincas-bodas-madrid-magia,0,4,0%,60
https://angelruiz.world/blog/ideas-cenas-empresa-madrid-originales,0,3,0%,31.67
https://angelruiz.world/empresas/mago-ferias-congresos-madrid,0,2,0%,94.5